{
  "info": {
    "name": "PG Accommodation System",
    "_postman_id": "pg-accommodation-collection-001",
    "description": "Postman collection for PG Accommodation System APIs",
    "schema": "https://schema.getpostman.com/json/collection/v2.1.0/collection.json"
  },
  "item": [
    {
      "name": "Tenant - Retrieve PGs by City",
      "request": {
        "method": "GET",
        "url": "http://localhost:8085/pg/1"
      }
    },
    {
      "name": "Tenant - Retrieve PGs by Locality",
      "request": {
        "method": "GET",
        "url": "http://localhost:8085/pg/Adyar"
      }
    },
    {
      "name": "Tenant - Retrieve PG Details",
      "request": {
        "method": "GET",
        "url": "http://localhost:8085/pg/details/1"
      }
    },
    {
      "name": "Tenant - Retrieve Owner Details",
      "request": {
        "method": "GET",
        "url": "http://localhost:8085/pg/owner/1"
      }
    },
    {
      "name": "Owner - Add PG Place",
      "request": {
        "method": "POST",
        "header": [
          { "key": "Content-Type", "value": "application/json" }
        ],
        "url": "http://localhost:8085/owner/places/add?ownerId=1&cityId=1&locality=Adyar",
        "body": {
          "mode": "raw",
          "raw": "{\n  \"registrationNumber\": \"PG123\",\n  \"title\": \"Comfort Stay\",\n  \"builtUpArea\": 1200,\n  \"rentAmount\": 8000,\n  \"address\": \"Adyar, Chennai\"\n}"
        }
      }
    },
    {
      "name": "Owner - Retrieve PG Places",
      "request": {
        "method": "GET",
        "url": "http://localhost:8085/owner/places?ownerId=1"
      }
    },
    {
      "name": "Owner - Change PG Status",
      "request": {
        "method": "PATCH",
        "url": "http://localhost:8085/owner/places/1?ownerId=1&status=NOT_AVAILABLE"
      }
    },
    {
      "name": "Owner - Edit PG Place",
      "request": {
        "method": "PUT",
        "header": [
          { "key": "Content-Type", "value": "application/json" }
        ],
        "url": "http://localhost:8085/owner/places/edit?ownerId=1&placeId=1",
        "body": {
          "mode": "raw",
          "raw": "{\n  \"title\": \"Updated Comfort Stay\",\n  \"rentAmount\": 9000\n}"
        }
      }
    },
    {
      "name": "Owner - Delete PG Place",
      "request": {
        "method": "DELETE",
        "url": "http://localhost:8085/owner/places/delete?ownerId=1&placeId=1"
      }
    }
  ]
}
